{
  "u_mean": 0.43370652198791504,
  "u_std": 0.17450188100337982,
  "x_mean": [
    9.086080551147461,
    3.67732572555542
  ],
  "x_std": [
    3.4707858562469482,
    3.836350440979004
  ],
  "dxdt_std": [
    653.3622436523438,
    5744.2548828125
  ]
}