{
  "u_mean": 0.39889946579933167,
  "u_std": 0.148661807179451,
  "x_mean": [
    8.191130638122559,
    2.959657669067383
  ],
  "x_std": [
    2.685312271118164,
    3.3476386070251465
  ],
  "dxdt_std": [
    670.788818359375,
    5886.1708984375
  ]
}