{"A_targets":[[[-413.74439616325003,-4509.5202968109179],[4509.5202968109179,-581.27969711829246]],[[-326.530239716134,-4322.2432558869777],[4322.2432558869768,-511.80035025249776]],[[-382.274720732431,-4041.1727959807104],[4041.1727959807104,-410.46007188421595]],[[-350.56621726737717,-3848.6261020355169],[3848.6261020355169,-281.90023076844477]],[[-302.70687816782856,-3551.865277501337],[3551.8652775013361,-330.23415010959661]],[[-334.84689255556555,-3670.8243144098269],[3670.8243144098255,-1379.6301468588531]],[[-230.52858997926455,-3038.9870503250268],[3038.9870503250268,-244.79429528683795]],[[-190.69053019952776,-2761.7055609885133],[2761.7055609885138,-225.45959466870409]],[[-189.00025709253146,-2490.1542023587567],[2490.1542023587563,-206.71501944000488]],[[-168.61567106768393,2199.1738175234245],[-2199.1738175234232,-205.19322673721433]],[[-120.35783945724449,-1944.311101311509],[1944.3111013115088,-232.68638949154933]],[[-356.63860864654453,-1638.7617458663722],[1638.7617458663722,-479.49502835383919]]],"x_ops":[[5.077771668756589,0.98814697911971039],[5.4440828541374788,1.1251000247783656],[5.8590553751004855,1.2919577553869865],[6.3330680940666353,1.4976016839456969],[6.879674775711158,1.75446144618852],[7.5169175411285609,2.0803587415627423],[8.26935045706996,2.5015727797654033],[9.1712649335287821,3.05814667258823],[10.272591592952502,3.8122750245161203],[11.646874287623392,4.8671289088959329],[13.409652567399721,6.406627869022822],[15.752125490292675,8.7793510337783829]],"u_ops":[0.15,0.2,0.25,0.3,0.35,0.4,0.45,0.5,0.55,0.6,0.65,0.7],"D_grid":[0.15,0.2,0.25,0.3,0.35,0.4,0.45,0.5,0.55,0.6,0.65,0.7]}